,,,,,,,,,,,,,,,,,,,,,,,,,,,,,,,,,,,,,,,,,,,,,,,,,,,,,,,,,,,,,,,,,,,,
,,,,,,,,,,,,,,,,,,,,,,,,,,,,,,,,,,,,,,,,,,,,,,,,,,,,,,,,,,,,,,,,,,,,
Country Name,Country Code,Indicator Name,Indicator Code,1960,1961,1962,1963,1964,1965,1966,1967,1968,1969,1970,1971,1972,1973,1974,1975,1976,1977,1978,1979,1980,1981,1982,1983,1984,1985,1986,1987,1988,1989,1990,1991,1992,1993,1994,1995,1996,1997,1998,1999,2000,2001,2002,2003,2004,2005,2006,2007,2008,2009,2010,2011,2012,2013,2014,2015,2016,2017,2018,2019,2020,2021,2022,2023,2024
Aruba,ABW,Terrestrial and marine protected areas (% of total territorial area),ER.PTD.TOTL.ZS,,,,,,,,,,,,,,,,,,,,,,,,,,,,,,,,,,,,,,,,,,,,,,,,,,,,,,0,0,0,0,0.1,0.1,0.1,0.1,0.1,0.1,0.1,0.1
Africa Eastern and Southern,AFE,Terrestrial and marine protected areas (% of total territorial area),ER.PTD.TOTL.ZS,,,,,,,,,,,,,,,,,,,,,,,,,,,,,,,,,,,,,,,,,,,,,,,,,,,,,,12.07754198,11.38178163,11.59162715,12.19014104,12.35538831,12.00009602,12.4451248,13.73787644,13.76718876,13.79460892,14.17433465,14.46957238
Afghanistan,AFG,Terrestrial and marine protected areas (% of total territorial area),ER.PTD.TOTL.ZS,,,,,,,,,,,,,,,,,,,,,,,,,,,,,,,,,,,,,,,,,,,,,,,,,,,,,,0.4,0.4,0.4,0.1,0.1,0.1,0.1,3.6,3.6,3.6,3.6,3.6
Africa Western and Central,AFW,Terrestrial and marine protected areas (% of total territorial area),ER.PTD.TOTL.ZS,,,,,,,,,,,,,,,,,,,,,,,,,,,,,,,,,,,,,,,,,,,,,,,,,,,,,,11.65252536,11.65065766,11.64931985,11.90436695,12.50767617,12.51381997,12.53391869,12.56009838,12.66112038,12.66345389,12.66345389,12.47992009
Angola,AGO,Terrestrial and marine protected areas (% of total territorial area),ER.PTD.TOTL.ZS,,,,,,,,,,,,,,,,,,,,,,,,,,,,,,,,,,,,,,,,,,,,,,,,,,,,,,8.9,5,5,5,5,5,5,5,5,5,7.7,7.7
Albania,ALB,Terrestrial and marine protected areas (% of total territorial area),ER.PTD.TOTL.ZS,,,,,,,,,,,,,,,,,,,,,,,,,,,,,,,,,,,,,,,,,,,,,,,,,,,,,,7.7,1.8,2.2,13.1,13.5,13.5,14.2,14.2,14.2,14.2,14.2,18
Andorra,AND,Terrestrial and marine protected areas (% of total territorial area),ER.PTD.TOTL.ZS,,,,,,,,,,,,,,,,,,,,,,,,,,,,,,,,,,,,,,,,,,,,,,,,,,,,,,9.2,18.2,21.1,21.1,26.7,26.7,26.7,26.7,26.9,26.9,26.9,27.3
Arab World,ARB,Terrestrial and marine protected areas (% of total territorial area),ER.PTD.TOTL.ZS,,,,,,,,,,,,,,,,,,,,,,,,,,,,,,,,,,,,,,,,,,,,,,,,,,,,,,7.246487299,9.699209394,7.806691358,4.398125262,4.510071173,4.527687858,4.139922937,3.093044568,3.068468806,3.07804618,4.369921851,5.596088932
United Arab Emirates,ARE,Terrestrial and marine protected areas (% of total territorial area),ER.PTD.TOTL.ZS,,,,,,,,,,,,,,,,,,,,,,,,,,,,,,,,,,,,,,,,,,,,,,,,,,,,,,15.9,15.9,15.9,9.2,11.6,15,15,15.9,15.9,15.9,15.9,16.1
Argentina,ARG,Terrestrial and marine protected areas (% of total territorial area),ER.PTD.TOTL.ZS,,,,,,,,,,,,,,,,,,,,,,,,,,,,,,,,,,,,,,,,,,,,,,,,,,,,,,5,7.3,7.4,7.5,7.5,7.2,9.4,9.4,9.4,9.6,9.6,9.7
Armenia,ARM,Terrestrial and marine protected areas (% of total territorial area),ER.PTD.TOTL.ZS,,,,,,,,,,,,,,,,,,,,,,,,,,,,,,,,,,,,,,,,,,,,,,,,,,,,,,23.3,23.1,23.1,23.1,23.1,23.1,24.3,24.3,24.3,24.7,24.7,38.9
American Samoa,ASM,Terrestrial and marine protected areas (% of total territorial area),ER.PTD.TOTL.ZS,,,,,,,,,,,,,,,,,,,,,,,,,,,,,,,,,,,,,,,,,,,,,,,,,,,,,,8.6,8.7,8.7,8.7,8.7,8.7,8.7,0,8.7,8.7,8.7,8.7
Antigua and Barbuda,ATG,Terrestrial and marine protected areas (% of total territorial area),ER.PTD.TOTL.ZS,,,,,,,,,,,,,,,,,,,,,,,,,,,,,,,,,,,,,,,,,,,,,,,,,,,,,,0.1,0.2,0.2,0.3,0.3,0.3,0.3,0.4,0.4,0.4,0.4,0.8
Australia,AUS,Terrestrial and marine protected areas (% of total territorial area),ER.PTD.TOTL.ZS,,,,,,,,,,,,,,,,,,,,,,,,,,,,,,,,,,,,,,,,,,,,,,,,,,,,,,28.1,29,28.7,28.6,29.7,29.7,29.9,30.4,32.1,32.1,32.1,33.5
Austria,AUT,Terrestrial and marine protected areas (% of total territorial area),ER.PTD.TOTL.ZS,,,,,,,,,,,,,,,,,,,,,,,,,,,,,,,,,,,,,,,,,,,,,,,,,,,,,,24,28.3,28.4,27.6,28.4,28.4,28.4,29.1,29.3,29.5,29.5,29.6
Azerbaijan,AZE,Terrestrial and marine protected areas (% of total territorial area),ER.PTD.TOTL.ZS,,,,,,,,,,,,,,,,,,,,,,,,,,,,,,,,,,,,,,,,,,,,,,,,,,,,,,6.4,5.5,5.5,5.5,5.5,5.5,5.5,5.5,5.5,5.5,5.5,12
Burundi,BDI,Terrestrial and marine protected areas (% of total territorial area),ER.PTD.TOTL.ZS,,,,,,,,,,,,,,,,,,,,,,,,,,,,,,,,,,,,,,,,,,,,,,,,,,,,,,5,7,7,7.6,7.6,7.6,7.6,7.6,7.6,7.6,7.6,7.6
Belgium,BEL,Terrestrial and marine protected areas (% of total territorial area),ER.PTD.TOTL.ZS,,,,,,,,,,,,,,,,,,,,,,,,,,,,,,,,,,,,,,,,,,,,,,,,,,,,,,24.3,24.2,24.2,24.6,24.7,24.6,26.1,17.6,17.8,17.8,17.8,18.5
Benin,BEN,Terrestrial and marine protected areas (% of total territorial area),ER.PTD.TOTL.ZS,,,,,,,,,,,,,,,,,,,,,,,,,,,,,,,,,,,,,,,,,,,,,,,,,,,,,,23.5,23.5,22.9,23.5,23.5,23.5,23.5,23.5,23.5,23.5,23.5,23.5
Burkina Faso,BFA,Terrestrial and marine protected areas (% of total territorial area),ER.PTD.TOTL.ZS,,,,,,,,,,,,,,,,,,,,,,,,,,,,,,,,,,,,,,,,,,,,,,,,,,,,,,15.8,15.8,15.8,15.1,14.9,14.9,14.9,16.4,16.4,16.4,16.4,16.5
Bangladesh,BGD,Terrestrial and marine protected areas (% of total territorial area),ER.PTD.TOTL.ZS,,,,,,,,,,,,,,,,,,,,,,,,,,,,,,,,,,,,,,,,,,,,,,,,,,,,,,3.5,4.9,4.9,4.9,4.9,4.9,4.9,4.9,4.9,4.9,5.9,5.6
Bulgaria,BGR,Terrestrial and marine protected areas (% of total territorial area),ER.PTD.TOTL.ZS,,,,,,,,,,,,,,,,,,,,,,,,,,,,,,,,,,,,,,,,,,,,,,,,,,,,,,35,31.5,32.8,28.3,28.3,28.3,32.8,33.1,33.1,33.1,33.1,35.6
Bahrain,BHR,Terrestrial and marine protected areas (% of total territorial area),ER.PTD.TOTL.ZS,,,,,,,,,,,,,,,,,,,,,,,,,,,,,,,,,,,,,,,,,,,,,,,,,,,,,,7.3,7.3,1.7,1.7,1.7,1.7,1.7,1.7,1.7,20.5,20.5,20.6
"Bahamas, The",BHS,Terrestrial and marine protected areas (% of total territorial area),ER.PTD.TOTL.ZS,,,,,,,,,,,,,,,,,,,,,,,,,,,,,,,,,,,,,,,,,,,,,,,,,,,,,,0.5,0.5,1.2,1.2,8.6,8.6,8.6,8.6,8.6,8.6,8.6,8.3
Bosnia and Herzegovina,BIH,Terrestrial and marine protected areas (% of total territorial area),ER.PTD.TOTL.ZS,,,,,,,,,,,,,,,,,,,,,,,,,,,,,,,,,,,,,,,,,,,,,,,,,,,,,,1.6,1.1,1.5,1.4,1.4,1.4,1.4,3.6,4,4.1,4.1,9.5
Belarus,BLR,Terrestrial and marine protected areas (% of total territorial area),ER.PTD.TOTL.ZS,,,,,,,,,,,,,,,,,,,,,,,,,,,,,,,,,,,,,,,,,,,,,,,,,,,,,,8.3,8.6,8.8,9.5,9.4,9.4,9.4,9.4,13.8,13.8,13.8,9.4
Belize,BLZ,Terrestrial and marine protected areas (% of total territorial area),ER.PTD.TOTL.ZS,,,,,,,,,,,,,,,,,,,,,,,,,,,,,,,,,,,,,,,,,,,,,,,,,,,,,,18.3,20.5,20.5,20.6,20.6,20.6,20.6,21.1,21.1,21.1,21.1,26.8
Bermuda,BMU,Terrestrial and marine protected areas (% of total territorial area),ER.PTD.TOTL.ZS,,,,,,,,,,,,,,,,,,,,,,,,,,,,,,,,,,,,,,,,,,,,,,,,,,,,,,0,0,0,0,0,0,0,0,0,0,0,0
Bolivia,BOL,Terrestrial and marine protected areas (% of total territorial area),ER.PTD.TOTL.ZS,,,,,,,,,,,,,,,,,,,,,,,,,,,,,,,,,,,,,,,,,,,,,,,,,,,,,,21.4,25.3,30.9,30.9,30.9,30.9,30.9,30.9,30.9,30.9,30.9,30.9
Brazil,BRA,Terrestrial and marine protected areas (% of total territorial area),ER.PTD.TOTL.ZS,,,,,,,,,,,,,,,,,,,,,,,,,,,,,,,,,,,,,,,,,,,,,,,,,,,,,,18.9,20.4,20.4,20.7,20.7,28.6,29.2,29.2,29.3,29.3,29.5,29.4
Barbados,BRB,Terrestrial and marine protected areas (% of total territorial area),ER.PTD.TOTL.ZS,,,,,,,,,,,,,,,,,,,,,,,,,,,,,,,,,,,,,,,,,,,,,,,,,,,,,,0,0,0,0,0,0,0,0,0,0,0,0.1
Brunei Darussalam,BRN,Terrestrial and marine protected areas (% of total territorial area),ER.PTD.TOTL.ZS,,,,,,,,,,,,,,,,,,,,,,,,,,,,,,,,,,,,,,,,,,,,,,,,,,,,,,9,9,9,9,9,9,9,9,9,9,9,7.5
Bhutan,BTN,Terrestrial and marine protected areas (% of total territorial area),ER.PTD.TOTL.ZS,,,,,,,,,,,,,,,,,,,,,,,,,,,,,,,,,,,,,,,,,,,,,,,,,,,,,,28.8,48,48,48,48,48,48,49.7,49.7,49.7,49.7,51.6
Botswana,BWA,Terrestrial and marine protected areas (% of total territorial area),ER.PTD.TOTL.ZS,,,,,,,,,,,,,,,,,,,,,,,,,,,,,,,,,,,,,,,,,,,,,,,,,,,,,,29.1,29.1,29.1,29.1,29.1,29.1,29.1,29.1,29.1,29.1,29.1,29.1
Central African Republic,CAF,Terrestrial and marine protected areas (% of total territorial area),ER.PTD.TOTL.ZS,,,,,,,,,,,,,,,,,,,,,,,,,,,,,,,,,,,,,,,,,,,,,,,,,,,,,,18.1,18.1,18.1,18.1,18.1,18.1,18.1,18.1,18.1,18.1,18.1,14.8
Canada,CAN,Terrestrial and marine protected areas (% of total territorial area),ER.PTD.TOTL.ZS,,,,,,,,,,,,,,,,,,,,,,,,,,,,,,,,,,,,,,,,,,,,,,,,,,,,,,6.3,6.3,6.2,6.5,6.5,7.2,8.1,9.5,10.8,11.4,11.5,11.6
Central Europe and the Baltics,CEB,Terrestrial and marine protected areas (% of total territorial area),ER.PTD.TOTL.ZS,,,,,,,,,,,,,,,,,,,,,,,,,,,,,,,,,,,,,,,,,,,,,,,,,,,,,,24.90925053,25.42455518,25.60464879,27.35716314,27.75093045,27.76698264,28.28342572,28.12772929,28.13527117,28.13527117,28.13527117,28.5226316
Switzerland,CHE,Terrestrial and marine protected areas (% of total territorial area),ER.PTD.TOTL.ZS,,,,,,,,,,,,,,,,,,,,,,,,,,,,,,,,,,,,,,,,,,,,,,,,,,,,,,24.8,9.7,9.7,9.7,9.7,9.7,10,12,12.1,12.1,12.1,12.5
Channel Islands,CHI,Terrestrial and marine protected areas (% of total territorial area),ER.PTD.TOTL.ZS,,,,,,,,,,,,,,,,,,,,,,,,,,,,,,,,,,,,,,,,,,,,,,,,,,,,,,,,,,,,,,,,,
Chile,CHL,Terrestrial and marine protected areas (% of total territorial area),ER.PTD.TOTL.ZS,,,,,,,,,,,,,,,,,,,,,,,,,,,,,,,,,,,,,,,,,,,,,,,,,,,,,,6.8,6.8,6.8,13.6,13.9,27,37.6,37.8,37.8,37.9,37.9,37.9
China,CHN,Terrestrial and marine protected areas (% of total territorial area),ER.PTD.TOTL.ZS,,,,,,,,,,,,,,,,,,,,,,,,,,,,,,,,,,,,,,,,,,,,,,,,,,,,,,15.8,15.9,15.9,15.9,16,14.7,14.7,14.7,14.7,14.7,14.7,14.7
Cote d'Ivoire,CIV,Terrestrial and marine protected areas (% of total territorial area),ER.PTD.TOTL.ZS,,,,,,,,,,,,,,,,,,,,,,,,,,,,,,,,,,,,,,,,,,,,,,,,,,,,,,14.9,14.9,14.9,14.9,14.9,14.9,14.9,14.9,14.9,14.9,14.9,14.9
Cameroon,CMR,Terrestrial and marine protected areas (% of total territorial area),ER.PTD.TOTL.ZS,,,,,,,,,,,,,,,,,,,,,,,,,,,,,,,,,,,,,,,,,,,,,,,,,,,,,,10.8,10.8,10.6,10.4,10.4,10.4,10.9,10.9,11,11,11,11
"Congo, Dem. Rep.",COD,Terrestrial and marine protected areas (% of total territorial area),ER.PTD.TOTL.ZS,,,,,,,,,,,,,,,,,,,,,,,,,,,,,,,,,,,,,,,,,,,,,,,,,,,,,,12.8,12.6,12.6,12.6,13.7,13.8,13.8,13.8,13.8,13.8,13.8,14.9
"Congo, Rep.",COG,Terrestrial and marine protected areas (% of total territorial area),ER.PTD.TOTL.ZS,,,,,,,,,,,,,,,,,,,,,,,,,,,,,,,,,,,,,,,,,,,,,,,,,,,,,,33,33.6,33.6,36.7,36.7,36.8,36.8,33.3,33.3,33.3,33.3,33.3
Colombia,COL,Terrestrial and marine protected areas (% of total territorial area),ER.PTD.TOTL.ZS,,,,,,,,,,,,,,,,,,,,,,,,,,,,,,,,,,,,,,,,,,,,,,,,,,,,,,18.1,18.1,9.3,9.4,12.7,15.7,15.7,17,17,16.7,16.7,26.4
Comoros,COM,Terrestrial and marine protected areas (% of total territorial area),ER.PTD.TOTL.ZS,,,,,,,,,,,,,,,,,,,,,,,,,,,,,,,,,,,,,,,,,,,,,,,,,,,,,,0.3,0.1,0.1,0.1,0.1,0.1,0.1,0.7,0.7,0.7,0.7,0.7
Cabo Verde,CPV,Terrestrial and marine protected areas (% of total territorial area),ER.PTD.TOTL.ZS,,,,,,,,,,,,,,,,,,,,,,,,,,,,,,,,,,,,,,,,,,,,,,,,,,,,,,0,0,0,0,0,0,0,0,0,0,0,0.2
Costa Rica,CRI,Terrestrial and marine protected areas (% of total territorial area),ER.PTD.TOTL.ZS,,,,,,,,,,,,,,,,,,,,,,,,,,,,,,,,,,,,,,,,,,,,,,,,,,,,,,3,3,3,3,3,3,4.7,4.8,4.8,28.8,28.8,28.2
Caribbean small states,CSS,Terrestrial and marine protected areas (% of total territorial area),ER.PTD.TOTL.ZS,,,,,,,,,,,,,,,,,,,,,,,,,,,,,,,,,,,,,,,,,,,,,,,,,,,,,,3.235330688,3.319611284,3.559011502,3.570023999,6.098070362,6.098070362,6.101691976,6.124145394,6.124145394,6.124145394,6.124145394,6.241563202
Cuba,CUB,Terrestrial and marine protected areas (% of total territorial area),ER.PTD.TOTL.ZS,,,,,,,,,,,,,,,,,,,,,,,,,,,,,,,,,,,,,,,,,,,,,,,,,,,,,,4.9,4.9,4.9,7.2,7.2,7.2,6.7,6.7,6.7,6.7,6.7,6.9
Curacao,CUW,Terrestrial and marine protected areas (% of total territorial area),ER.PTD.TOTL.ZS,,,,,,,,,,,,,,,,,,,,,,,,,,,,,,,,,,,,,,,,,,,,,,,,,,,,,,0.1,0.1,0.3,0.3,0.3,0.3,0.3,0.3,0.3,0.3,0.3,0.3
Cayman Islands,CYM,Terrestrial and marine protected areas (% of total territorial area),ER.PTD.TOTL.ZS,,,,,,,,,,,,,,,,,,,,,,,,,,,,,,,,,,,,,,,,,,,,,,,,,,,,,,0.1,0.1,0.1,0.1,0.1,0.1,0.1,0.1,0.1,0.1,0.1,0.1
Cyprus,CYP,Terrestrial and marine protected areas (% of total territorial area),ER.PTD.TOTL.ZS,,,,,,,,,,,,,,,,,,,,,,,,,,,,,,,,,,,,,,,,,,,,,,,,,,,,,,1.9,1.7,1.7,1.7,1.7,3.3,3.4,11.2,11.2,11.2,11.2,11.1
Czechia,CZE,Terrestrial and marine protected areas (% of total territorial area),ER.PTD.TOTL.ZS,,,,,,,,,,,,,,,,,,,,,,,,,,,,,,,,,,,,,,,,,,,,,,,,,,,,,,21.9,21.8,21.7,22.1,22.2,22.2,22.2,22.2,22.2,22.2,22.2,21.9
Germany,DEU,Terrestrial and marine protected areas (% of total territorial area),ER.PTD.TOTL.ZS,,,,,,,,,,,,,,,,,,,,,,,,,,,,,,,,,,,,,,,,,,,,,,,,,,,,,,38.9,38.5,38.5,38.8,38.8,38.8,38.5,38.8,38.5,38.7,38.7,40.1
Djibouti,DJI,Terrestrial and marine protected areas (% of total territorial area),ER.PTD.TOTL.ZS,,,,,,,,,,,,,,,,,,,,,,,,,,,,,,,,,,,,,,,,,,,,,,,,,,,,,,0.1,1.2,1.2,1.2,1.3,1.2,1.2,1.2,1.2,1.2,1.2,1.2
Dominica,DMA,Terrestrial and marine protected areas (% of total territorial area),ER.PTD.TOTL.ZS,,,,,,,,,,,,,,,,,,,,,,,,,,,,,,,,,,,,,,,,,,,,,,,,,,,,,,0.6,0.6,0.6,0.7,0.7,0.7,0.6,0.6,0.6,0.6,0.6,0.6
Denmark,DNK,Terrestrial and marine protected areas (% of total territorial area),ER.PTD.TOTL.ZS,,,,,,,,,,,,,,,,,,,,,,,,,,,,,,,,,,,,,,,,,,,,,,,,,,,,,,17.6,20.5,20.5,17.9,20.7,17.9,17.7,17.9,17.9,17.9,17.9,17.7
Dominican Republic,DOM,Terrestrial and marine protected areas (% of total territorial area),ER.PTD.TOTL.ZS,,,,,,,,,,,,,,,,,,,,,,,,,,,,,,,,,,,,,,,,,,,,,,,,,,,,,,11,11.2,11.2,11.2,11.2,19.2,19.2,19.2,19.2,18.7,18.7,15.3
Algeria,DZA,Terrestrial and marine protected areas (% of total territorial area),ER.PTD.TOTL.ZS,,,,,,,,,,,,,,,,,,,,,,,,,,,,,,,,,,,,,,,,,,,,,,,,,,,,,,7.1,7.1,7.1,7.1,7.1,7.1,7.1,4.4,4.4,4.4,4.4,4.4
East Asia & Pacific (excluding high income),EAP,Terrestrial and marine protected areas (% of total territorial area),ER.PTD.TOTL.ZS,,,,,,,,,,,,,,,,,,,,,,,,,,,,,,,,,,,,,,,,,,,,,,,,,,,,,,7.380616272,7.404754267,7.406918998,7.40839706,7.445516826,7.184665186,7.137840486,7.276842175,7.330553543,7.334383011,7.33793106,7.316376984
Early-demographic dividend,EAR,Terrestrial and marine protected areas (% of total territorial area),ER.PTD.TOTL.ZS,,,,,,,,,,,,,,,,,,,,,,,,,,,,,,,,,,,,,,,,,,,,,,,,,,,,,,8.462483548,8.47154591,8.586360723,8.698039601,8.804474953,8.745666988,8.90898909,8.948945185,9.222064679,9.432807474,9.79625874,10.03912199
East Asia & Pacific,EAS,Terrestrial and marine protected areas (% of total territorial area),ER.PTD.TOTL.ZS,,,,,,,,,,,,,,,,,,,,,,,,,,,,,,,,,,,,,,,,,,,,,,,,,,,,,,12.00956365,14.7868135,14.04172273,15.16485393,15.40336202,15.26717466,15.42361884,15.54516851,16.21395128,16.21611644,16.20891793,16.52209661
Europe & Central Asia (excluding high income),ECA,Terrestrial and marine protected areas (% of total territorial area),ER.PTD.TOTL.ZS,,,,,,,,,,,,,,,,,,,,,,,,,,,,,,,,,,,,,,,,,,,,,,,,,,,,,,4.069047629,3.734596981,3.746210703,3.836606637,3.840980677,3.840980677,3.886712273,7.694671123,9.62019288,9.658951617,9.907316848,11.09736998
Europe & Central Asia,ECS,Terrestrial and marine protected areas (% of total territorial area),ER.PTD.TOTL.ZS,,,,,,,,,,,,,,,,,,,,,,,,,,,,,,,,,,,,,,,,,,,,,,,,,,,,,,10.33005767,9.826455978,9.903129579,10.27986239,10.74838401,10.89300732,11.03351387,12.36656994,12.89828286,12.9082082,12.69488637,12.95595732
Ecuador,ECU,Terrestrial and marine protected areas (% of total territorial area),ER.PTD.TOTL.ZS,,,,,,,,,,,,,,,,,,,,,,,,,,,,,,,,,,,,,,,,,,,,,,,,,,,,,,15.4,15.4,14.4,14.4,14.4,15,15,15.1,15.3,20,20,20.1
"Egypt, Arab Rep.",EGY,Terrestrial and marine protected areas (% of total territorial area),ER.PTD.TOTL.ZS,,,,,,,,,,,,,,,,,,,,,,,,,,,,,,,,,,,,,,,,,,,,,,,,,,,,,,11.5,11.6,11.6,11.6,11.5,11.6,11.6,11.6,11.6,11.6,11.6,11.5
Euro area,EMU,Terrestrial and marine protected areas (% of total territorial area),ER.PTD.TOTL.ZS,,,,,,,,,,,,,,,,,,,,,,,,,,,,,,,,,,,,,,,,,,,,,,,,,,,,,,13.14965993,13.19885266,14.01380548,15.1426555,17.10168321,18.06233665,18.81690012,19.13504642,19.20534522,19.26557412,19.26557412,19.45811758
Eritrea,ERI,Terrestrial and marine protected areas (% of total territorial area),ER.PTD.TOTL.ZS,,,,,,,,,,,,,,,,,,,,,,,,,,,,,,,,,,,,,,,,,,,,,,,,,,,,,,3,3,3,3,3,3,3,3,0,0,0,0
Spain,ESP,Terrestrial and marine protected areas (% of total territorial area),ER.PTD.TOTL.ZS,,,,,,,,,,,,,,,,,,,,,,,,,,,,,,,,,,,,,,,,,,,,,,,,,,,,,,11.1,10.1,14.1,15,14.9,15,17.9,17.9,17.9,17.9,17.9,17.9
Estonia,EST,Terrestrial and marine protected areas (% of total territorial area),ER.PTD.TOTL.ZS,,,,,,,,,,,,,,,,,,,,,,,,,,,,,,,,,,,,,,,,,,,,,,,,,,,,,,19.4,19.4,19.4,19.5,19.5,19.5,19.7,20.1,20.2,20.2,20.2,20.8
Ethiopia,ETH,Terrestrial and marine protected areas (% of total territorial area),ER.PTD.TOTL.ZS,,,,,,,,,,,,,,,,,,,,,,,,,,,,,,,,,,,,,,,,,,,,,,,,,,,,,,18.5,18.5,18.5,18.5,18.5,17.6,17.6,16.1,17,17,17,17
European Union,EUU,Terrestrial and marine protected areas (% of total territorial area),ER.PTD.TOTL.ZS,,,,,,,,,,,,,,,,,,,,,,,,,,,,,,,,,,,,,,,,,,,,,,,,,,,,,,14.58938286,14.58574751,15.28514413,16.41096601,18.25280195,19.00091907,19.66571016,19.93810558,20.00235108,20.09644948,20.09644948,20.29866035
Fragile and conflict affected situations,FCS,Terrestrial and marine protected areas (% of total territorial area),ER.PTD.TOTL.ZS,,,,,,,,,,,,,,,,,,,,,,,,,,,,,,,,,,,,,,,,,,,,,,,,,,,,,,8.235728105,8.147221957,8.189180316,8.37907142,8.456582245,8.445816072,8.116694363,8.385941318,8.555488426,8.560534803,8.572144713,8.705119213
Finland,FIN,Terrestrial and marine protected areas (% of total territorial area),ER.PTD.TOTL.ZS,,,,,,,,,,,,,,,,,,,,,,,,,,,,,,,,,,,,,,,,,,,,,,,,,,,,,,13.9,14.2,14.2,14.3,14.1,14.2,13.1,13,13.1,13.1,13.1,13.3
Fiji,FJI,Terrestrial and marine protected areas (% of total territorial area),ER.PTD.TOTL.ZS,,,,,,,,,,,,,,,,,,,,,,,,,,,,,,,,,,,,,,,,,,,,,,,,,,,,,,1,1,1,1,1,1,1,1,1,1,1,1
France,FRA,Terrestrial and marine protected areas (% of total territorial area),ER.PTD.TOTL.ZS,,,,,,,,,,,,,,,,,,,,,,,,,,,,,,,,,,,,,,,,,,,,,,,,,,,,,,23.5,23.4,23.2,25.9,27.8,33.2,35,36.2,36.4,36.6,36.6,36.8
Faroe Islands,FRO,Terrestrial and marine protected areas (% of total territorial area),ER.PTD.TOTL.ZS,,,,,,,,,,,,,,,,,,,,,,,,,,,,,,,,,,,,,,,,,,,,,,,,,,,,,,0,0,0,0,0,0,0,0,0,0,0,0
"Micronesia, Fed. Sts.",FSM,Terrestrial and marine protected areas (% of total territorial area),ER.PTD.TOTL.ZS,,,,,,,,,,,,,,,,,,,,,,,,,,,,,,,,,,,,,,,,,,,,,,,,,,,,,,0,0,0,0,0,0,0,0,0,0,0,0
Gabon,GAB,Terrestrial and marine protected areas (% of total territorial area),ER.PTD.TOTL.ZS,,,,,,,,,,,,,,,,,,,,,,,,,,,,,,,,,,,,,,,,,,,,,,,,,,,,,,12,12.1,12.1,12.1,25.1,25.1,25.1,25.1,25.1,25.1,25.1,24.5
United Kingdom,GBR,Terrestrial and marine protected areas (% of total territorial area),ER.PTD.TOTL.ZS,,,,,,,,,,,,,,,,,,,,,,,,,,,,,,,,,,,,,,,,,,,,,,,,,,,,,,11.3,19.7,16.6,23.3,28.9,28.8,29,40.3,39.9,39.9,39.9,42.1
Georgia,GEO,Terrestrial and marine protected areas (% of total territorial area),ER.PTD.TOTL.ZS,,,,,,,,,,,,,,,,,,,,,,,,,,,,,,,,,,,,,,,,,,,,,,,,,,,,,,6.1,6.4,6.4,6.4,6.4,6.4,7.2,7.2,7.2,8.5,8.5,17.4
Ghana,GHA,Terrestrial and marine protected areas (% of total territorial area),ER.PTD.TOTL.ZS,,,,,,,,,,,,,,,,,,,,,,,,,,,,,,,,,,,,,,,,,,,,,,,,,,,,,,7.8,7.8,7.8,7.8,7.8,7.8,7.8,7.7,7.7,7.7,7.7,7.7
Gibraltar,GIB,Terrestrial and marine protected areas (% of total territorial area),ER.PTD.TOTL.ZS,,,,,,,,,,,,,,,,,,,,,,,,,,,,,,,,,,,,,,,,,,,,,,,,,,,,,,0.1,13.2,13.2,13.2,13.2,13.2,13.2,0.1,0.1,0,0,0.5
Guinea,GIN,Terrestrial and marine protected areas (% of total territorial area),ER.PTD.TOTL.ZS,,,,,,,,,,,,,,,,,,,,,,,,,,,,,,,,,,,,,,,,,,,,,,,,,,,,,,21.4,21.4,21.4,21.4,24.8,24.8,24.8,24.9,26.1,26.1,26.1,26.2
"Gambia, The",GMB,Terrestrial and marine protected areas (% of total territorial area),ER.PTD.TOTL.ZS,,,,,,,,,,,,,,,,,,,,,,,,,,,,,,,,,,,,,,,,,,,,,,,,,,,,,,1.4,1.4,1.4,1.4,1.4,1.4,1.4,2.9,2.9,2.9,2.9,2.9
Guinea-Bissau,GNB,Terrestrial and marine protected areas (% of total territorial area),ER.PTD.TOTL.ZS,,,,,,,,,,,,,,,,,,,,,,,,,,,,,,,,,,,,,,,,,,,,,,,,,,,,,,10.3,10.3,11.5,11.6,11.6,11.6,11.6,13.2,13.2,13.4,13.4,13.2
Equatorial Guinea,GNQ,Terrestrial and marine protected areas (% of total territorial area),ER.PTD.TOTL.ZS,,,,,,,,,,,,,,,,,,,,,,,,,,,,,,,,,,,,,,,,,,,,,,,,,,,,,,2.1,2.1,2.1,1.8,1.8,1.8,1.8,1.8,1.8,1.8,1.8,1.8
Greece,GRC,Terrestrial and marine protected areas (% of total territorial area),ER.PTD.TOTL.ZS,,,,,,,,,,,,,,,,,,,,,,,,,,,,,,,,,,,,,,,,,,,,,,,,,,,,,,8.6,8.6,8.6,8.6,8.6,11,11,11,11,11,11,11.2
Grenada,GRD,Terrestrial and marine protected areas (% of total territorial area),ER.PTD.TOTL.ZS,,,,,,,,,,,,,,,,,,,,,,,,,,,,,,,,,,,,,,,,,,,,,,,,,,,,,,0,0,0.2,0.2,0.2,0.2,0.2,0.2,0.2,0.2,0.2,0.2
Greenland,GRL,Terrestrial and marine protected areas (% of total territorial area),ER.PTD.TOTL.ZS,,,,,,,,,,,,,,,,,,,,,,,,,,,,,,,,,,,,,,,,,,,,,,,,,,,,,,22.4,22.4,22.4,22.5,22.4,22.4,22.4,22.4,22.6,22.4,22.4,22.6
Guatemala,GTM,Terrestrial and marine protected areas (% of total territorial area),ER.PTD.TOTL.ZS,,,,,,,,,,,,,,,,,,,,,,,,,,,,,,,,,,,,,,,,,,,,,,,,,,,,,,15.7,15.7,15.7,15.7,15.7,10.1,10.1,10.1,10.1,10.1,10.1,10.2
Guam,GUM,Terrestrial and marine protected areas (% of total territorial area),ER.PTD.TOTL.ZS,,,,,,,,,,,,,,,,,,,,,,,,,,,,,,,,,,,,,,,,,,,,,,,,,,,,,,0.1,0.1,0.1,0.1,0.1,0.1,0.1,0,0,0,0,0
Guyana,GUY,Terrestrial and marine protected areas (% of total territorial area),ER.PTD.TOTL.ZS,,,,,,,,,,,,,,,,,,,,,,,,,,,,,,,,,,,,,,,,,,,,,,,,,,,,,,5.3,5.3,5.3,5.3,5.3,5.3,5.2,5.2,5.2,5.2,5.2,5.1
High income,HIC,Terrestrial and marine protected areas (% of total territorial area),ER.PTD.TOTL.ZS,,,,,,,,,,,,,,,,,,,,,,,,,,,,,,,,,,,,,,,,,,,,,,,,,,,,,,12.48489681,13.78193788,14.54782879,16.17241522,16.60326696,17.19447286,18.04918094,18.45450483,17.97211891,18.18052747,18.26249263,18.66106202
"Hong Kong SAR, China",HKG,Terrestrial and marine protected areas (% of total territorial area),ER.PTD.TOTL.ZS,,,,,,,,,,,,,,,,,,,,,,,,,,,,,,,,,,,,,,,,,,,,,,,,,,,,,,42.1,42.1,41.9,41.9,41.9,41.9,41.9,41.9,41.9,41.9,41.9,42
Honduras,HND,Terrestrial and marine protected areas (% of total territorial area),ER.PTD.TOTL.ZS,,,,,,,,,,,,,,,,,,,,,,,,,,,,,,,,,,,,,,,,,,,,,,,,,,,,,,7.5,12.2,12.2,12.4,12.4,10.9,10.9,11,11,11,11,11.2
Heavily indebted poor countries (HIPC),HPC,Terrestrial and marine protected areas (% of total territorial area),ER.PTD.TOTL.ZS,,,,,,,,,,,,,,,,,,,,,,,,,,,,,,,,,,,,,,,,,,,,,,,,,,,,,,12.4536961,12.64169395,12.96764868,13.49392204,13.70019611,13.66896953,13.0187179,13.28817703,13.35507069,13.36565694,13.422468,13.58555355
Croatia,HRV,Terrestrial and marine protected areas (% of total territorial area),ER.PTD.TOTL.ZS,,,,,,,,,,,,,,,,,,,,,,,,,,,,,,,,,,,,,,,,,,,,,,,,,,,,,,8,23.7,23.7,23.5,23.6,23.6,23.6,23.9,23.9,23.9,23.9,24.1
Haiti,HTI,Terrestrial and marine protected areas (% of total territorial area),ER.PTD.TOTL.ZS,,,,,,,,,,,,,,,,,,,,,,,,,,,,,,,,,,,,,,,,,,,,,,,,,,,,,,0,0,0,0,0.3,0.4,2.5,2.5,2.8,2.8,2.8,3
Hungary,HUN,Terrestrial and marine protected areas (% of total territorial area),ER.PTD.TOTL.ZS,,,,,,,,,,,,,,,,,,,,,,,,,,,,,,,,,,,,,,,,,,,,,,,,,,,,,,23.2,22.6,22.6,22.6,22.6,22.6,22.6,22.6,22.6,22.6,22.6,22.6
IBRD only,IBD,Terrestrial and marine protected areas (% of total territorial area),ER.PTD.TOTL.ZS,,,,,,,,,,,,,,,,,,,,,,,,,,,,,,,,,,,,,,,,,,,,,,,,,,,,,,10.07479191,10.36471352,10.05864636,11.31899363,11.45145047,12.67710232,13.53715262,14.13118352,14.32270172,14.57678362,14.65380588,14.88114733
IDA & IBRD total,IBT,Terrestrial and marine protected areas (% of total territorial area),ER.PTD.TOTL.ZS,,,,,,,,,,,,,,,,,,,,,,,,,,,,,,,,,,,,,,,,,,,,,,,,,,,,,,9.52493468,9.669220347,9.465941405,10.42746026,10.55091674,11.40893923,11.9172261,12.39640363,12.54285133,12.72141077,12.80140058,13.02979562
IDA total,IDA,Terrestrial and marine protected areas (% of total territorial area),ER.PTD.TOTL.ZS,,,,,,,,,,,,,,,,,,,,,,,,,,,,,,,,,,,,,,,,,,,,,,,,,,,,,,8.209289199,8.035865127,8.073982758,8.333707609,8.436026864,8.430677361,8.218272754,8.435193172,8.467958006,8.473611904,8.560395802,8.791202994
IDA blend,IDB,Terrestrial and marine protected areas (% of total territorial area),ER.PTD.TOTL.ZS,,,,,,,,,,,,,,,,,,,,,,,,,,,,,,,,,,,,,,,,,,,,,,,,,,,,,,7.221331843,7.086507187,7.07813159,7.220692468,7.220692468,7.224497272,7.251719193,7.229659462,7.234253782,7.220983806,7.420096133,8.099293005
Indonesia,IDN,Terrestrial and marine protected areas (% of total territorial area),ER.PTD.TOTL.ZS,,,,,,,,,,,,,,,,,,,,,,,,,,,,,,,,,,,,,,,,,,,,,,,,,,,,,,6.1,5.1,5.1,5.1,5.1,5.3,5.3,5.3,5.3,5.3,5.3,5.2
IDA only,IDX,Terrestrial and marine protected areas (% of total territorial area),ER.PTD.TOTL.ZS,,,,,,,,,,,,,,,,,,,,,,,,,,,,,,,,,,,,,,,,,,,,,,,,,,,,,,8.480033517,8.289936671,8.340497034,8.631577846,8.761280252,8.753480831,8.467926981,8.74657435,8.786615437,8.797157243,8.85492747,8.969918649
Isle of Man,IMN,Terrestrial and marine protected areas (% of total territorial area),ER.PTD.TOTL.ZS,,,,,,,,,,,,,,,,,,,,,,,,,,,,,,,,,,,,,,,,,,,,,,,,,,,,,,,,0.3,3.7,3.7,5.5,5.5,5.5,5.5,5.5,5.8,4.6
India,IND,Terrestrial and marine protected areas (% of total territorial area),ER.PTD.TOTL.ZS,,,,,,,,,,,,,,,,,,,,,,,,,,,,,,,,,,,,,,,,,,,,,,,,,,,,,,3.4,3.5,3.5,3.5,3.5,3.5,3.5,3.5,4.4,4.4,4.4,4.5
Not classified,INX,Terrestrial and marine protected areas (% of total territorial area),ER.PTD.TOTL.ZS,,,,,,,,,,,,,,,,,,,,,,,,,,,,,,,,,,,,,,,,,,,,,,,,,,,,,,,,,,,,,,,,,
Ireland,IRL,Terrestrial and marine protected areas (% of total territorial area),ER.PTD.TOTL.ZS,,,,,,,,,,,,,,,,,,,,,,,,,,,,,,,,,,,,,,,,,,,,,,,,,,,,,,3.3,3.4,4,4,4,4,4,4,4,4,4,4.1
"Iran, Islamic Rep.",IRN,Terrestrial and marine protected areas (% of total territorial area),ER.PTD.TOTL.ZS,,,,,,,,,,,,,,,,,,,,,,,,,,,,,,,,,,,,,,,,,,,,,,,,,,,,,,6.5,6.5,6.5,7.7,7.7,7.7,7.7,7.7,7.7,7.7,7.7,7.7
Iraq,IRQ,Terrestrial and marine protected areas (% of total territorial area),ER.PTD.TOTL.ZS,,,,,,,,,,,,,,,,,,,,,,,,,,,,,,,,,,,,,,,,,,,,,,,,,,,,,,0.3,0.9,0.9,1.5,1.5,1.5,1.5,1.5,1.5,1.5,1.5,1.5
Iceland,ISL,Terrestrial and marine protected areas (% of total territorial area),ER.PTD.TOTL.ZS,,,,,,,,,,,,,,,,,,,,,,,,,,,,,,,,,,,,,,,,,,,,,,,,,,,,,,2.7,2.3,2.3,2.4,2.5,2.5,2.7,2.8,2.8,2.9,2.9,2.9
Israel,ISR,Terrestrial and marine protected areas (% of total territorial area),ER.PTD.TOTL.ZS,,,,,,,,,,,,,,,,,,,,,,,,,,,,,,,,,,,,,,,,,,,,,,,,,,,,,,8.6,8.6,8.6,8.6,8.6,8.6,10.5,10.5,10.5,10.5,10.5,12.2
Italy,ITA,Terrestrial and marine protected areas (% of total territorial area),ER.PTD.TOTL.ZS,,,,,,,,,,,,,,,,,,,,,,,,,,,,,,,,,,,,,,,,,,,,,,,,,,,,,,11.2,11.3,11.3,13.3,13.3,13.4,13.3,14,14.5,14.5,14.5,14.6
Jamaica,JAM,Terrestrial and marine protected areas (% of total territorial area),ER.PTD.TOTL.ZS,,,,,,,,,,,,,,,,,,,,,,,,,,,,,,,,,,,,,,,,,,,,,,,,,,,,,,1.4,1.4,1.4,1.4,1.4,1.4,1.4,1.4,1.4,1.6,1.6,1.6
Jordan,JOR,Terrestrial and marine protected areas (% of total territorial area),ER.PTD.TOTL.ZS,,,,,,,,,,,,,,,,,,,,,,,,,,,,,,,,,,,,,,,,,,,,,,,,,,,,,,1.5,1.7,1.7,1.8,1.8,1.8,3.1,4.5,4.5,4.5,4.5,5.4
Japan,JPN,Terrestrial and marine protected areas (% of total territorial area),ER.PTD.TOTL.ZS,,,,,,,,,,,,,,,,,,,,,,,,,,,,,,,,,,,,,,,,,,,,,,,,,,,,,,1.9,2.1,2.1,10,10,10,10,10,15.2,15.2,15.2,15.1
Kazakhstan,KAZ,Terrestrial and marine protected areas (% of total territorial area),ER.PTD.TOTL.ZS,,,,,,,,,,,,,,,,,,,,,,,,,,,,,,,,,,,,,,,,,,,,,,,,,,,,,,3.2,3.2,3.2,3.2,3.2,3.2,3.2,11.7,11.7,11.7,11.7,11.9
Kenya,KEN,Terrestrial and marine protected areas (% of total territorial area),ER.PTD.TOTL.ZS,,,,,,,,,,,,,,,,,,,,,,,,,,,,,,,,,,,,,,,,,,,,,,,,,,,,,,12.1,10.3,10.3,10.5,10.5,10.5,10.5,10.5,10.5,10.3,10.3,11.8
Kyrgyz Republic,KGZ,Terrestrial and marine protected areas (% of total territorial area),ER.PTD.TOTL.ZS,,,,,,,,,,,,,,,,,,,,,,,,,,,,,,,,,,,,,,,,,,,,,,,,,,,,,,6.5,6.5,6.5,6.7,6.7,6.7,6.7,6.7,6.7,6.7,6.7,6.8
Cambodia,KHM,Terrestrial and marine protected areas (% of total territorial area),ER.PTD.TOTL.ZS,,,,,,,,,,,,,,,,,,,,,,,,,,,,,,,,,,,,,,,,,,,,,,,,,,,,,,20.9,20.6,20.6,20.6,20.6,20.6,20.6,31.8,31.8,31.8,31.8,31.8
Kiribati,KIR,Terrestrial and marine protected areas (% of total territorial area),ER.PTD.TOTL.ZS,,,,,,,,,,,,,,,,,,,,,,,,,,,,,,,,,,,,,,,,,,,,,,,,,,,,,,11.8,11.8,11.8,11.8,11.8,11.8,11.8,11.8,11.8,11.8,11.8,11.9
St. Kitts and Nevis,KNA,Terrestrial and marine protected areas (% of total territorial area),ER.PTD.TOTL.ZS,,,,,,,,,,,,,,,,,,,,,,,,,,,,,,,,,,,,,,,,,,,,,,,,,,,,,,0.3,0.3,0.3,0.3,0.3,0.3,4.5,4.5,4.5,4.5,4.5,4.8
"Korea, Rep.",KOR,Terrestrial and marine protected areas (% of total territorial area),ER.PTD.TOTL.ZS,,,,,,,,,,,,,,,,,,,,,,,,,,,,,,,,,,,,,,,,,,,,,,,,,,,,,,2.3,2.6,2.6,3.9,3.9,4,5.5,5.8,5.9,5.9,5.9,5.8
Kuwait,KWT,Terrestrial and marine protected areas (% of total territorial area),ER.PTD.TOTL.ZS,,,,,,,,,,,,,,,,,,,,,,,,,,,,,,,,,,,,,,,,,,,,,,,,,,,,,,11.2,11.2,11.2,11,11,11,10.7,10.7,10.7,10.7,11.4,11.5
Latin America & Caribbean (excluding high income),LAC,Terrestrial and marine protected areas (% of total territorial area),ER.PTD.TOTL.ZS,,,,,,,,,,,,,,,,,,,,,,,,,,,,,,,,,,,,,,,,,,,,,,,,,,,,,,13.76216205,14.90425546,14.53674495,16.45448801,16.6566666,20.0462291,20.57588414,20.59796705,20.67539364,21.11444568,21.19357345,21.90655471
Lao PDR,LAO,Terrestrial and marine protected areas (% of total territorial area),ER.PTD.TOTL.ZS,,,,,,,,,,,,,,,,,,,,,,,,,,,,,,,,,,,,,,,,,,,,,,,,,,,,,,16.7,16.7,16.7,16.7,16.7,16.7,16.7,18.7,18.7,18.7,19,18.8
Lebanon,LBN,Terrestrial and marine protected areas (% of total territorial area),ER.PTD.TOTL.ZS,,,,,,,,,,,,,,,,,,,,,,,,,,,,,,,,,,,,,,,,,,,,,,,,,,,,,,0.2,0.9,0.9,1,1,1,1,1,0.8,0.8,0.8,2.9
Liberia,LBR,Terrestrial and marine protected areas (% of total territorial area),ER.PTD.TOTL.ZS,,,,,,,,,,,,,,,,,,,,,,,,,,,,,,,,,,,,,,,,,,,,,,,,,,,,,,0.8,0.8,0.8,0.8,1.2,1.2,1.2,1.2,1.2,1.2,1.2,1.2
Libya,LBY,Terrestrial and marine protected areas (% of total territorial area),ER.PTD.TOTL.ZS,,,,,,,,,,,,,,,,,,,,,,,,,,,,,,,,,,,,,,,,,,,,,,,,,,,,,,0.1,0.3,0.3,0.3,0.3,0.3,0.3,0.2,0.2,0.2,0.2,0.2
St. Lucia,LCA,Terrestrial and marine protected areas (% of total territorial area),ER.PTD.TOTL.ZS,,,,,,,,,,,,,,,,,,,,,,,,,,,,,,,,,,,,,,,,,,,,,,,,,,,,,,0.7,0.7,0.9,0.9,0.9,0.9,0.9,0.9,0.9,0.9,0.9,1
Latin America & Caribbean,LCN,Terrestrial and marine protected areas (% of total territorial area),ER.PTD.TOTL.ZS,,,,,,,,,,,,,,,,,,,,,,,,,,,,,,,,,,,,,,,,,,,,,,,,,,,,,,12.83003588,13.71876501,13.44587161,15.68416529,15.98633407,20.0490175,21.65665983,21.87391977,22.06062749,22.78730855,22.84835778,23.38035099
Least developed countries: UN classification,LDC,Terrestrial and marine protected areas (% of total territorial area),ER.PTD.TOTL.ZS,,,,,,,,,,,,,,,,,,,,,,,,,,,,,,,,,,,,,,,,,,,,,,,,,,,,,,10.33946658,10.01517047,10.0695223,10.43800001,10.59983667,10.60605856,10.19666881,10.60527066,10.65567531,10.66894558,10.88737538,11.02489472
Low income,LIC,Terrestrial and marine protected areas (% of total territorial area),ER.PTD.TOTL.ZS,,,,,,,,,,,,,,,,,,,,,,,,,,,,,,,,,,,,,,,,,,,,,,,,,,,,,,9.157793776,8.886591469,8.996597295,9.336631889,9.556301612,9.59303646,8.820580432,9.479527202,9.469208255,9.470799154,9.470799154,9.709014243
Liechtenstein,LIE,Terrestrial and marine protected areas (% of total territorial area),ER.PTD.TOTL.ZS,,,,,,,,,,,,,,,,,,,,,,,,,,,,,,,,,,,,,,,,,,,,,,,,,,,,,,42.2,42.2,42.2,42.2,11.9,11.9,42.2,42.6,42.6,42.6,42.6,44.8
Sri Lanka,LKA,Terrestrial and marine protected areas (% of total territorial area),ER.PTD.TOTL.ZS,,,,,,,,,,,,,,,,,,,,,,,,,,,,,,,,,,,,,,,,,,,,,,,,,,,,,,2.5,2.6,3.4,3.4,3.4,3.4,3.4,3.4,3.4,3.4,3.4,3.4
Lower middle income,LMC,Terrestrial and marine protected areas (% of total territorial area),ER.PTD.TOTL.ZS,,,,,,,,,,,,,,,,,,,,,,,,,,,,,,,,,,,,,,,,,,,,,,,,,,,,,,8.507769887,9.411505799,8.880265304,9.074093297,9.109635064,9.112031839,9.16599979,8.933741349,9.085340479,9.091830923,9.364049151,9.542791539
Low & middle income,LMY,Terrestrial and marine protected areas (% of total territorial area),ER.PTD.TOTL.ZS,,,,,,,,,,,,,,,,,,,,,,,,,,,,,,,,,,,,,,,,,,,,,,,,,,,,,,9.484866245,9.88545777,9.625428757,10.22621794,10.36902073,11.02763211,11.07302,11.27576787,11.4450642,11.55526864,11.65698977,11.96002744
Lesotho,LSO,Terrestrial and marine protected areas (% of total territorial area),ER.PTD.TOTL.ZS,,,,,,,,,,,,,,,,,,,,,,,,,,,,,,,,,,,,,,,,,,,,,,,,,,,,,,0.2,0.3,0.3,0.3,0.3,0.3,0.3,0.5,0.5,0.5,21.3,23.4
Late-demographic dividend,LTE,Terrestrial and marine protected areas (% of total territorial area),ER.PTD.TOTL.ZS,,,,,,,,,,,,,,,,,,,,,,,,,,,,,,,,,,,,,,,,,,,,,,,,,,,,,,9.792145372,11.83476856,11.28896907,11.76450787,11.94582978,13.81433994,14.78093442,15.64382861,15.67159108,15.86569151,15.90003002,16.39337258
Lithuania,LTU,Terrestrial and marine protected areas (% of total territorial area),ER.PTD.TOTL.ZS,,,,,,,,,,,,,,,,,,,,,,,,,,,,,,,,,,,,,,,,,,,,,,,,,,,,,,16.4,16.4,16.9,17.3,17.7,17.8,17.8,17.8,17.8,17.8,17.8,18.3
Luxembourg,LUX,Terrestrial and marine protected areas (% of total territorial area),ER.PTD.TOTL.ZS,,,,,,,,,,,,,,,,,,,,,,,,,,,,,,,,,,,,,,,,,,,,,,,,,,,,,,37.3,34.9,32.5,42,40.9,40.9,51.2,51.2,51.3,55.8,55.8,38.7
Latvia,LVA,Terrestrial and marine protected areas (% of total territorial area),ER.PTD.TOTL.ZS,,,,,,,,,,,,,,,,,,,,,,,,,,,,,,,,,,,,,,,,,,,,,,,,,,,,,,17.8,17.8,17.8,17.5,17.5,17.5,17.5,17.5,17.5,17.5,17.5,17.9
"Macao SAR, China",MAC,Terrestrial and marine protected areas (% of total territorial area),ER.PTD.TOTL.ZS,,,,,,,,,,,,,,,,,,,,,,,,,,,,,,,,,,,,,,,,,,,,,,,,,,,,,,,,,,,,,,,,,
St. Martin (French part),MAF,Terrestrial and marine protected areas (% of total territorial area),ER.PTD.TOTL.ZS,,,,,,,,,,,,,,,,,,,,,,,,,,,,,,,,,,,,,,,,,,,,,,,,,,,,,,4.1,3.2,3.2,92.3,92,92,92,92,92,92,92,92.3
Morocco,MAR,Terrestrial and marine protected areas (% of total territorial area),ER.PTD.TOTL.ZS,,,,,,,,,,,,,,,,,,,,,,,,,,,,,,,,,,,,,,,,,,,,,,,,,,,,,,1.7,59.7,18.5,18.5,18.5,18.4,18.4,2.8,1.6,1.6,1.6,1.4
Monaco,MCO,Terrestrial and marine protected areas (% of total territorial area),ER.PTD.TOTL.ZS,,,,,,,,,,,,,,,,,,,,,,,,,,,,,,,,,,,,,,,,,,,,,,,,,,,,,,0.3,0.3,0.3,99.5,99.4,99.5,99.4,99.4,99.2,99.2,99.2,99.5
Moldova,MDA,Terrestrial and marine protected areas (% of total territorial area),ER.PTD.TOTL.ZS,,,,,,,,,,,,,,,,,,,,,,,,,,,,,,,,,,,,,,,,,,,,,,,,,,,,,,4.2,4.2,4.2,4.2,4.2,4.2,4.2,4.2,11.4,11.4,11.4,11.5
Madagascar,MDG,Terrestrial and marine protected areas (% of total territorial area),ER.PTD.TOTL.ZS,,,,,,,,,,,,,,,,,,,,,,,,,,,,,,,,,,,,,,,,,,,,,,,,,,,,,,1.9,1.9,1.9,2,2.4,2.3,2.3,3.1,3.1,3.1,3.1,5.1
Maldives,MDV,Terrestrial and marine protected areas (% of total territorial area),ER.PTD.TOTL.ZS,,,,,,,,,,,,,,,,,,,,,,,,,,,,,,,,,,,,,,,,,,,,,,,,,,,,,,,0,0,0,0.1,0.1,0.1,0.1,0.1,0.1,0.1,0.1
"Middle East, North Africa, Afghanistan & Pakistan",MEA,Terrestrial and marine protected areas (% of total territorial area),ER.PTD.TOTL.ZS,,,,,,,,,,,,,,,,,,,,,,,,,,,,,,,,,,,,,,,,,,,,,,,,,,,,,,8.171040966,10.66457857,8.811056802,5.513249692,5.622436969,5.639690801,5.657289689,4.675373933,4.649007802,4.659282897,6.045272983,7.744450085
Mexico,MEX,Terrestrial and marine protected areas (% of total territorial area),ER.PTD.TOTL.ZS,,,,,,,,,,,,,,,,,,,,,,,,,,,,,,,,,,,,,,,,,,,,,,,,,,,,,,6,6.3,6.3,19.1,19.1,18.9,18.9,18.9,18.9,19,19,19.9
Marshall Islands,MHL,Terrestrial and marine protected areas (% of total territorial area),ER.PTD.TOTL.ZS,,,,,,,,,,,,,,,,,,,,,,,,,,,,,,,,,,,,,,,,,,,,,,,,,,,,,,0,0.4,0.3,0.3,0.3,0.3,0.3,0.3,0.3,0.3,0.3,0.3
Middle income,MIC,Terrestrial and marine protected areas (% of total territorial area),ER.PTD.TOTL.ZS,,,,,,,,,,,,,,,,,,,,,,,,,,,,,,,,,,,,,,,,,,,,,,,,,,,,,,9.531350418,10.02628202,9.714083987,10.35163542,10.48359504,11.22987642,11.41836953,11.55117188,11.74800725,11.87486459,11.99218186,12.30515828
North Macedonia,MKD,Terrestrial and marine protected areas (% of total territorial area),ER.PTD.TOTL.ZS,,,,,,,,,,,,,,,,,,,,,,,,,,,,,,,,,,,,,,,,,,,,,,,,,,,,,,9.7,9.7,9.7,9.7,9.7,9.7,10.6,9,12.5,15.4,15.4,28.2
Mali,MLI,Terrestrial and marine protected areas (% of total territorial area),ER.PTD.TOTL.ZS,,,,,,,,,,,,,,,,,,,,,,,,,,,,,,,,,,,,,,,,,,,,,,,,,,,,,,9.1,8.3,8.3,8.2,8.2,8.2,8.2,7.5,7.5,7.5,7.5,7.5
Malta,MLT,Terrestrial and marine protected areas (% of total territorial area),ER.PTD.TOTL.ZS,,,,,,,,,,,,,,,,,,,,,,,,,,,,,,,,,,,,,,,,,,,,,,,,,,,,,,0.5,0.5,0.5,6.4,6.4,6.4,7.6,7.6,7.6,7.6,7.6,8
Myanmar,MMR,Terrestrial and marine protected areas (% of total territorial area),ER.PTD.TOTL.ZS,,,,,,,,,,,,,,,,,,,,,,,,,,,,,,,,,,,,,,,,,,,,,,,,,,,,,,4.1,4.1,4.1,4.1,4.2,4.6,3.8,3.9,3.9,3.9,3.9,4
"Middle East, North Africa, Afghanistan & Pakistan (excluding high income)",MNA,Terrestrial and marine protected areas (% of total territorial area),ER.PTD.TOTL.ZS,,,,,,,,,,,,,,,,,,,,,,,,,,,,,,,,,,,,,,,,,,,,,,,,,,,,,,4.797598483,8.199881592,5.833929587,6.059893385,6.051091261,6.055368725,6.065171236,4.796352574,4.72697919,4.72697919,4.727809894,5.198078608
Montenegro,MNE,Terrestrial and marine protected areas (% of total territorial area),ER.PTD.TOTL.ZS,,,,,,,,,,,,,,,,,,,,,,,,,,,,,,,,,,,,,,,,,,,,,,,,,,,,,,9.6,2.6,2.6,2.6,4.2,4.2,6.9,9,9,9.2,9.2,16.1
Mongolia,MNG,Terrestrial and marine protected areas (% of total territorial area),ER.PTD.TOTL.ZS,,,,,,,,,,,,,,,,,,,,,,,,,,,,,,,,,,,,,,,,,,,,,,,,,,,,,,13.8,17.4,17.4,17.4,17.7,17.7,17.7,19.8,19.8,19.8,19.8,19.8
Northern Mariana Islands,MNP,Terrestrial and marine protected areas (% of total territorial area),ER.PTD.TOTL.ZS,,,,,,,,,,,,,,,,,,,,,,,,,,,,,,,,,,,,,,,,,,,,,,,,,,,,,,32.1,100,33.2,33.2,33.2,33.2,33.2,32,33.1,33.1,32.2,32.4
Mozambique,MOZ,Terrestrial and marine protected areas (% of total territorial area),ER.PTD.TOTL.ZS,,,,,,,,,,,,,,,,,,,,,,,,,,,,,,,,,,,,,,,,,,,,,,,,,,,,,,10.5,10.9,12.1,13.4,13.5,13.4,13.4,18,18,18,18,18
Mauritania,MRT,Terrestrial and marine protected areas (% of total territorial area),ER.PTD.TOTL.ZS,,,,,,,,,,,,,,,,,,,,,,,,,,,,,,,,,,,,,,,,,,,,,,,,,,,,,,1.1,1.1,1.1,1.1,1.1,1.1,1.1,1.1,1.1,1.1,1.1,1
Mauritius,MUS,Terrestrial and marine protected areas (% of total territorial area),ER.PTD.TOTL.ZS,,,,,,,,,,,,,,,,,,,,,,,,,,,,,,,,,,,,,,,,,,,,,,,,,,,,,,0,0,0,0,0,0,0,0,0,0,0,0
Malawi,MWI,Terrestrial and marine protected areas (% of total territorial area),ER.PTD.TOTL.ZS,,,,,,,,,,,,,,,,,,,,,,,,,,,,,,,,,,,,,,,,,,,,,,,,,,,,,,16.9,16.9,16.9,16.9,17.4,22.9,22.9,22.9,22.9,22.9,22.9,23.1
Malaysia,MYS,Terrestrial and marine protected areas (% of total territorial area),ER.PTD.TOTL.ZS,,,,,,,,,,,,,,,,,,,,,,,,,,,,,,,,,,,,,,,,,,,,,,,,,,,,,,8.9,8.9,8.9,8.9,8.9,9,9,7.5,8.8,8.8,8.8,8.4
North America,NAC,Terrestrial and marine protected areas (% of total territorial area),ER.PTD.TOTL.ZS,,,,,,,,,,,,,,,,,,,,,,,,,,,,,,,,,,,,,,,,,,,,,,,,,,,,,,10.02494845,9.231575189,13.47000368,16.88664122,17.04531588,17.20715112,17.61923528,16.99085785,13.35476645,13.62948922,13.67527634,13.66817192
Namibia,NAM,Terrestrial and marine protected areas (% of total territorial area),ER.PTD.TOTL.ZS,,,,,,,,,,,,,,,,,,,,,,,,,,,,,,,,,,,,,,,,,,,,,,,,,,,,,,26.9,23.2,23.2,23.2,23.3,23.2,23.2,23.2,23.2,23.2,24.5,24.4
New Caledonia,NCL,Terrestrial and marine protected areas (% of total territorial area),ER.PTD.TOTL.ZS,,,,,,,,,,,,,,,,,,,,,,,,,,,,,,,,,,,,,,,,,,,,,,,,,,,,,,2.4,95.6,95.6,95.9,95.7,96,95.8,95.8,95.8,95.8,95.8,99.4
Niger,NER,Terrestrial and marine protected areas (% of total territorial area),ER.PTD.TOTL.ZS,,,,,,,,,,,,,,,,,,,,,,,,,,,,,,,,,,,,,,,,,,,,,,,,,,,,,,16.7,17.3,17.3,17.3,17.3,17.3,17.3,18.2,18.2,18.2,18.2,18.2
Nigeria,NGA,Terrestrial and marine protected areas (% of total territorial area),ER.PTD.TOTL.ZS,,,,,,,,,,,,,,,,,,,,,,,,,,,,,,,,,,,,,,,,,,,,,,,,,,,,,,11.6,11.6,11.6,11.6,11.6,11.6,11.6,11.6,11.6,11.6,11.6,11.6
Nicaragua,NIC,Terrestrial and marine protected areas (% of total territorial area),ER.PTD.TOTL.ZS,,,,,,,,,,,,,,,,,,,,,,,,,,,,,,,,,,,,,,,,,,,,,,,,,,,,,,15.5,15.5,15.5,15.5,15.5,15.5,15.5,10,10,10,10,10.1
Netherlands,NLD,Terrestrial and marine protected areas (% of total territorial area),ER.PTD.TOTL.ZS,,,,,,,,,,,,,,,,,,,,,,,,,,,,,,,,,,,,,,,,,,,,,,,,,,,,,,20.2,18,17.9,17.9,21.2,21.2,25.3,25.3,25.3,25.3,25.3,29.8
Norway,NOR,Terrestrial and marine protected areas (% of total territorial area),ER.PTD.TOTL.ZS,,,,,,,,,,,,,,,,,,,,,,,,,,,,,,,,,,,,,,,,,,,,,,,,,,,,,,4.7,4.8,4.8,5,5.1,5.1,5,5.7,15.1,15.2,5.6,5.4
Nepal,NPL,Terrestrial and marine protected areas (% of total territorial area),ER.PTD.TOTL.ZS,,,,,,,,,,,,,,,,,,,,,,,,,,,,,,,,,,,,,,,,,,,,,,,,,,,,,,17.2,23.5,23.4,23.6,23.6,23.6,23.6,23.6,23.6,23.6,23.6,23.6
Nauru,NRU,Terrestrial and marine protected areas (% of total territorial area),ER.PTD.TOTL.ZS,,,,,,,,,,,,,,,,,,,,,,,,,,,,,,,,,,,,,,,,,,,,,,,,,,,,,,,,,,,,,,0,0,0,0
New Zealand,NZL,Terrestrial and marine protected areas (% of total territorial area),ER.PTD.TOTL.ZS,,,,,,,,,,,,,,,,,,,,,,,,,,,,,,,,,,,,,,,,,,,,,,,,,,,,,,27.9,30.5,30.5,30.5,30.5,30.6,30.6,30.6,30.6,30.6,30.6,30.6
OECD members,OED,Terrestrial and marine protected areas (% of total territorial area),ER.PTD.TOTL.ZS,,,,,,,,,,,,,,,,,,,,,,,,,,,,,,,,,,,,,,,,,,,,,,,,,,,,,,13.78054326,13.81966291,15.34761907,18.54121716,19.16895081,20.07291846,20.9318587,20.97113878,20.27672674,20.58846605,20.4630102,21.02200315
Oman,OMN,Terrestrial and marine protected areas (% of total territorial area),ER.PTD.TOTL.ZS,,,,,,,,,,,,,,,,,,,,,,,,,,,,,,,,,,,,,,,,,,,,,,,,,,,,,,4,1,1,1,1,1,1,1,1.5,1.5,1.7,18.3
Other small states,OSS,Terrestrial and marine protected areas (% of total territorial area),ER.PTD.TOTL.ZS,,,,,,,,,,,,,,,,,,,,,,,,,,,,,,,,,,,,,,,,,,,,,,,,,,,,,,1.206130338,1.086979189,1.091441276,1.173690709,1.209792722,1.238474605,4.81882529,8.871589996,8.872964665,8.888057565,8.888057565,8.904605235
Pakistan,PAK,Terrestrial and marine protected areas (% of total territorial area),ER.PTD.TOTL.ZS,,,,,,,,,,,,,,,,,,,,,,,,,,,,,,,,,,,,,,,,,,,,,,,,,,,,,,9.8,9.8,9.8,9.8,9.8,9.8,9.8,9.8,9.8,9.8,9.8,15.3
Panama,PAN,Terrestrial and marine protected areas (% of total territorial area),ER.PTD.TOTL.ZS,,,,,,,,,,,,,,,,,,,,,,,,,,,,,,,,,,,,,,,,,,,,,,,,,,,,,,5.2,5.2,5.2,5.2,5.2,5.2,5.2,15.3,27.7,27.7,27.7,27.2
Peru,PER,Terrestrial and marine protected areas (% of total territorial area),ER.PTD.TOTL.ZS,,,,,,,,,,,,,,,,,,,,,,,,,,,,,,,,,,,,,,,,,,,,,,,,,,,,,,19.2,19.4,19.4,13.1,13.1,13.1,13.3,13.3,13.7,16.8,16.8,16.8
Philippines,PHL,Terrestrial and marine protected areas (% of total territorial area),ER.PTD.TOTL.ZS,,,,,,,,,,,,,,,,,,,,,,,,,,,,,,,,,,,,,,,,,,,,,,,,,,,,,,2.4,3.1,3.1,3.1,3.1,3.1,3.1,3.1,3.7,3.7,3.7,3.6
Palau,PLW,Terrestrial and marine protected areas (% of total territorial area),ER.PTD.TOTL.ZS,,,,,,,,,,,,,,,,,,,,,,,,,,,,,,,,,,,,,,,,,,,,,,,,,,,,,,0.2,0.3,0.3,82.9,82.9,82.9,100,100,100,100,100,98
Papua New Guinea,PNG,Terrestrial and marine protected areas (% of total territorial area),ER.PTD.TOTL.ZS,,,,,,,,,,,,,,,,,,,,,,,,,,,,,,,,,,,,,,,,,,,,,,,,,,,,,,0.7,0.7,0.7,0.7,0.7,0.7,0.7,0.7,0.7,0.7,0.7,0.7
Poland,POL,Terrestrial and marine protected areas (% of total territorial area),ER.PTD.TOTL.ZS,,,,,,,,,,,,,,,,,,,,,,,,,,,,,,,,,,,,,,,,,,,,,,,,,,,,,,34.2,29.3,29.3,38,38.1,38.1,38.1,38,38,38,38,38.2
Pre-demographic dividend,PRE,Terrestrial and marine protected areas (% of total territorial area),ER.PTD.TOTL.ZS,,,,,,,,,,,,,,,,,,,,,,,,,,,,,,,,,,,,,,,,,,,,,,,,,,,,,,11.65348492,11.1677298,11.2334238,11.75066727,11.94695273,11.97796446,11.43503461,11.83450564,11.8580398,11.86287697,12.09835489,12.28824247
Puerto Rico (US),PRI,Terrestrial and marine protected areas (% of total territorial area),ER.PTD.TOTL.ZS,,,,,,,,,,,,,,,,,,,,,,,,,,,,,,,,,,,,,,,,,,,,,,,,,,,,,,0.5,2,2,2,2,2,2,2.1,2.1,2.1,2.1,2.1
"Korea, Dem. People's Rep.",PRK,Terrestrial and marine protected areas (% of total territorial area),ER.PTD.TOTL.ZS,,,,,,,,,,,,,,,,,,,,,,,,,,,,,,,,,,,,,,,,,,,,,,,,,,,,,,1.3,1.3,1.3,1.3,1.2,1.3,1.3,1.3,1.3,1.3,1.3,1.3
Portugal,PRT,Terrestrial and marine protected areas (% of total territorial area),ER.PTD.TOTL.ZS,,,,,,,,,,,,,,,,,,,,,,,,,,,,,,,,,,,,,,,,,,,,,,,,,,,,,,7.4,7.4,7.5,9.1,16.5,16.9,16.9,17.1,17.1,17.2,17.2,17.1
Paraguay,PRY,Terrestrial and marine protected areas (% of total territorial area),ER.PTD.TOTL.ZS,,,,,,,,,,,,,,,,,,,,,,,,,,,,,,,,,,,,,,,,,,,,,,,,,,,,,,6.5,6.5,6.5,6.5,6.5,14.3,14.3,14.3,14.3,14.3,14.3,14.9
West Bank and Gaza,PSE,Terrestrial and marine protected areas (% of total territorial area),ER.PTD.TOTL.ZS,,,,,,,,,,,,,,,,,,,,,,,,,,,,,,,,,,,,,,,,,,,,,,,,,,,,,,,,,,8.4,8.4,8.4,8.4,8.4,8.4,10,10
Pacific island small states,PSS,Terrestrial and marine protected areas (% of total territorial area),ER.PTD.TOTL.ZS,,,,,,,,,,,,,,,,,,,,,,,,,,,,,,,,,,,,,,,,,,,,,,,,,,,,,,3.074665804,3.135392353,3.121281673,6.659724179,6.659724179,6.659724179,7.314821436,7.315772998,7.15927264,7.170561128,7.170561128,7.110549728
Post-demographic dividend,PST,Terrestrial and marine protected areas (% of total territorial area),ER.PTD.TOTL.ZS,,,,,,,,,,,,,,,,,,,,,,,,,,,,,,,,,,,,,,,,,,,,,,,,,,,,,,14.81741436,14.91703135,16.96450035,19.33501667,19.97096173,20.15388532,20.4938245,20.49702409,19.68954945,19.83793394,19.68907354,20.08266252
French Polynesia,PYF,Terrestrial and marine protected areas (% of total territorial area),ER.PTD.TOTL.ZS,,,,,,,,,,,,,,,,,,,,,,,,,,,,,,,,,,,,,,,,,,,,,,,,,,,,,,0,0,0,0,0,0,0,0,0,0,0,0
Qatar,QAT,Terrestrial and marine protected areas (% of total territorial area),ER.PTD.TOTL.ZS,,,,,,,,,,,,,,,,,,,,,,,,,,,,,,,,,,,,,,,,,,,,,,,,,,,,,,0.8,0.8,0.8,0.8,4.7,4.7,4.7,5.8,5.8,5.8,5.8,5.8
Romania,ROU,Terrestrial and marine protected areas (% of total territorial area),ER.PTD.TOTL.ZS,,,,,,,,,,,,,,,,,,,,,,,,,,,,,,,,,,,,,,,,,,,,,,,,,,,,,,18.1,22.5,22.6,22.6,24.3,24.3,24.4,24.4,24.4,24.4,24.4,24.3
Russian Federation,RUS,Terrestrial and marine protected areas (% of total territorial area),ER.PTD.TOTL.ZS,,,,,,,,,,,,,,,,,,,,,,,,,,,,,,,,,,,,,,,,,,,,,,,,,,,,,,8.8,7.6,7.6,7.6,7.6,7.6,7.6,8.6,8.6,8.6,8.6,8.6
Rwanda,RWA,Terrestrial and marine protected areas (% of total territorial area),ER.PTD.TOTL.ZS,,,,,,,,,,,,,,,,,,,,,,,,,,,,,,,,,,,,,,,,,,,,,,,,,,,,,,10.7,9.6,8.8,9.1,9.1,9.1,9.1,9.1,9.1,9.1,9.1,9.1
South Asia,SAS,Terrestrial and marine protected areas (% of total territorial area),ER.PTD.TOTL.ZS,,,,,,,,,,,,,,,,,,,,,,,,,,,,,,,,,,,,,,,,,,,,,,,,,,,,,,3.797541893,3.674946783,3.738773518,3.742821508,3.755460932,3.755460932,3.755460932,3.764763168,4.426072087,4.426072087,4.456864898,4.53150244
Saudi Arabia,SAU,Terrestrial and marine protected areas (% of total territorial area),ER.PTD.TOTL.ZS,,,,,,,,,,,,,,,,,,,,,,,,,,,,,,,,,,,,,,,,,,,,,,,,,,,,,,28.3,28.3,28.3,4,4.6,4.5,4.5,4.5,4.5,4.5,14.2,17
Sudan,SDN,Terrestrial and marine protected areas (% of total territorial area),ER.PTD.TOTL.ZS,,,,,,,,,,,,,,,,,,,,,,,,,,,,,,,,,,,,,,,,,,,,,,,,,,,,,,2.6,1.9,1.9,2.8,2.8,2.8,2.8,2.8,2.8,2.8,2.8,2.8
Senegal,SEN,Terrestrial and marine protected areas (% of total territorial area),ER.PTD.TOTL.ZS,,,,,,,,,,,,,,,,,,,,,,,,,,,,,,,,,,,,,,,,,,,,,,,,,,,,,,14.5,14.5,14.5,14.5,14.5,14.6,14.6,14.6,15.5,15.5,15.5,15.6
Singapore,SGP,Terrestrial and marine protected areas (% of total territorial area),ER.PTD.TOTL.ZS,,,,,,,,,,,,,,,,,,,,,,,,,,,,,,,,,,,,,,,,,,,,,,,,,,,,,,3,3.2,2.5,2.5,2.5,2.5,2.5,2.5,2.5,2.5,2.5,2.1
Solomon Islands,SLB,Terrestrial and marine protected areas (% of total territorial area),ER.PTD.TOTL.ZS,,,,,,,,,,,,,,,,,,,,,,,,,,,,,,,,,,,,,,,,,,,,,,,,,,,,,,0.2,0.2,0.2,0.2,0.2,0.2,0.1,0.1,0.1,0.2,0.2,0.2
Sierra Leone,SLE,Terrestrial and marine protected areas (% of total territorial area),ER.PTD.TOTL.ZS,,,,,,,,,,,,,,,,,,,,,,,,,,,,,,,,,,,,,,,,,,,,,,,,,,,,,,3.3,3.3,3.3,3.3,3.3,3.3,3.3,3.3,5.1,5.1,5.1,5.1
El Salvador,SLV,Terrestrial and marine protected areas (% of total territorial area),ER.PTD.TOTL.ZS,,,,,,,,,,,,,,,,,,,,,,,,,,,,,,,,,,,,,,,,,,,,,,,,,,,,,,2.1,2.1,2.2,2.2,2.2,2.2,2.2,2.1,2.1,2.1,2.1,2.1
San Marino,SMR,Terrestrial and marine protected areas (% of total territorial area),ER.PTD.TOTL.ZS,,,,,,,,,,,,,,,,,,,,,,,,,,,,,,,,,,,,,,,,,,,,,,,,,,,,,,,,,,,,,,,,,
"Somalia, Fed. Rep.",SOM,Terrestrial and marine protected areas (% of total territorial area),ER.PTD.TOTL.ZS,,,,,,,,,,,,,,,,,,,,,,,,,,,,,,,,,,,,,,,,,,,,,,,,,,,,,,,,,0.827283619,,,0,0,0,0,0,0
Serbia,SRB,Terrestrial and marine protected areas (% of total territorial area),ER.PTD.TOTL.ZS,,,,,,,,,,,,,,,,,,,,,,,,,,,,,,,,,,,,,,,,,,,,,,,,,,,,,,7.4,6.7,6.7,6.6,6.6,6.6,7.6,7.6,7.6,8.1,8.1,13.4
Sub-Saharan Africa (excluding high income),SSA,Terrestrial and marine protected areas (% of total territorial area),ER.PTD.TOTL.ZS,,,,,,,,,,,,,,,,,,,,,,,,,,,,,,,,,,,,,,,,,,,,,,,,,,,,,,12.19627972,11.70421515,11.85063942,12.3659708,12.70938673,12.49496255,12.17062931,12.46475068,12.49149412,12.51188714,12.78262149,12.93484969
South Sudan,SSD,Terrestrial and marine protected areas (% of total territorial area),ER.PTD.TOTL.ZS,,,,,,,,,,,,,,,,,,,,,,,,,,,,,,,,,,,,,,,,,,,,,,,,,,,,,,20,15.5,15.5,15.5,15.5,15.5,15.5,15.5,15.5,15.5,15.5,15.4
Sub-Saharan Africa,SSF,Terrestrial and marine protected areas (% of total territorial area),ER.PTD.TOTL.ZS,,,,,,,,,,,,,,,,,,,,,,,,,,,,,,,,,,,,,,,,,,,,,,,,,,,,,,11.92867804,11.47595665,11.61183427,12.09004741,12.4087278,12.18003009,12.47498979,13.34174191,13.3951731,13.4141556,13.66616417,13.80037161
Small states,SST,Terrestrial and marine protected areas (% of total territorial area),ER.PTD.TOTL.ZS,,,,,,,,,,,,,,,,,,,,,,,,,,,,,,,,,,,,,,,,,,,,,,,,,,,,,,2.641667539,2.595221269,2.606810868,4.920949704,5.136823163,5.144596917,6.539427238,7.640309117,7.534051978,7.545449795,7.545449795,7.520161229
Sao Tome and Principe,STP,Terrestrial and marine protected areas (% of total territorial area),ER.PTD.TOTL.ZS,,,,,,,,,,,,,,,,,,,,,,,,,,,,,,,,,,,,,,,,,,,,,,,,,,,,,,0,0,0.2,0.2,0.2,0.2,0.2,0.2,0.2,0.2,0.2,0.2
Suriname,SUR,Terrestrial and marine protected areas (% of total territorial area),ER.PTD.TOTL.ZS,,,,,,,,,,,,,,,,,,,,,,,,,,,,,,,,,,,,,,,,,,,,,,,,,,,,,,8.5,8.5,8.5,8.5,8.5,8.5,8.5,8.5,8.5,8.5,8.5,8.6
Slovak Republic,SVK,Terrestrial and marine protected areas (% of total territorial area),ER.PTD.TOTL.ZS,,,,,,,,,,,,,,,,,,,,,,,,,,,,,,,,,,,,,,,,,,,,,,,,,,,,,,35.9,36.8,36.8,37.3,37.3,37.6,37.6,37.6,37.6,37.6,37.6,37.5
Slovenia,SVN,Terrestrial and marine protected areas (% of total territorial area),ER.PTD.TOTL.ZS,,,,,,,,,,,,,,,,,,,,,,,,,,,,,,,,,,,,,,,,,,,,,,,,,,,,,,55.3,54.1,54.1,54.1,54,54,54,40,40.1,40.1,40.1,40.2
Sweden,SWE,Terrestrial and marine protected areas (% of total territorial area),ER.PTD.TOTL.ZS,,,,,,,,,,,,,,,,,,,,,,,,,,,,,,,,,,,,,,,,,,,,,,,,,,,,,,12.6,13,13.1,12.9,15,15,14.6,14.7,14.8,15.5,15.5,15.6
Eswatini,SWZ,Terrestrial and marine protected areas (% of total territorial area),ER.PTD.TOTL.ZS,,,,,,,,,,,,,,,,,,,,,,,,,,,,,,,,,,,,,,,,,,,,,,,,,,,,,,3,4,4,4.1,4.1,4.2,4.3,4.3,4.3,4.3,4.3,4.2
Sint Maarten (Dutch part),SXM,Terrestrial and marine protected areas (% of total territorial area),ER.PTD.TOTL.ZS,,,,,,,,,,,,,,,,,,,,,,,,,,,,,,,,,,,,,,,,,,,,,,,,,,,,,,,,,5,8.1,8.1,8.1,8.1,8.2,8.2,8.2,4.8
Seychelles,SYC,Terrestrial and marine protected areas (% of total territorial area),ER.PTD.TOTL.ZS,,,,,,,,,,,,,,,,,,,,,,,,,,,,,,,,,,,,,,,,,,,,,,,,,,,,,,0,0.1,0.1,0.1,0.1,0.1,15.7,32.8,32.8,32.8,32.8,32.6
Syrian Arab Republic,SYR,Terrestrial and marine protected areas (% of total territorial area),ER.PTD.TOTL.ZS,,,,,,,,,,,,,,,,,,,,,,,,,,,,,,,,,,,,,,,,,,,,,,,,,,,,,,0.7,0.7,0.7,0.7,0.7,0.7,0.7,0.7,0.7,0.7,0.7,0.7
Turks and Caicos Islands,TCA,Terrestrial and marine protected areas (% of total territorial area),ER.PTD.TOTL.ZS,,,,,,,,,,,,,,,,,,,,,,,,,,,,,,,,,,,,,,,,,,,,,,,,,,,,,,0.4,0.4,0.4,0.4,0.4,0.4,0.4,0.4,0.4,0.4,0.4,0.5
Chad,TCD,Terrestrial and marine protected areas (% of total territorial area),ER.PTD.TOTL.ZS,,,,,,,,,,,,,,,,,,,,,,,,,,,,,,,,,,,,,,,,,,,,,,,,,,,,,,18.6,18.6,18.6,20.4,20.4,20.4,20.4,21,21,21,21,21
East Asia & Pacific (IDA & IBRD countries),TEA,Terrestrial and marine protected areas (% of total territorial area),ER.PTD.TOTL.ZS,,,,,,,,,,,,,,,,,,,,,,,,,,,,,,,,,,,,,,,,,,,,,,,,,,,,,,7.312919537,7.338260303,7.340406455,8.50648049,8.543833351,8.284668815,8.479345362,8.617154057,8.608468862,8.612238343,8.615730812,8.56651705
Europe & Central Asia (IDA & IBRD countries),TEC,Terrestrial and marine protected areas (% of total territorial area),ER.PTD.TOTL.ZS,,,,,,,,,,,,,,,,,,,,,,,,,,,,,,,,,,,,,,,,,,,,,,,,,,,,,,8.277514307,7.313870459,7.323036708,7.413880821,7.430352123,7.430352123,7.461189247,9.021873358,9.423992056,9.432086285,9.483953942,9.745852354
Togo,TGO,Terrestrial and marine protected areas (% of total territorial area),ER.PTD.TOTL.ZS,,,,,,,,,,,,,,,,,,,,,,,,,,,,,,,,,,,,,,,,,,,,,,,,,,,,,,21.9,21.8,21.8,21.8,21.8,21.8,21.8,22.1,22.1,22.1,22.1,22.3
Thailand,THA,Terrestrial and marine protected areas (% of total territorial area),ER.PTD.TOTL.ZS,,,,,,,,,,,,,,,,,,,,,,,,,,,,,,,,,,,,,,,,,,,,,,,,,,,,,,12.5,12.5,12.5,12.5,12.5,12.5,12.5,13.3,13.3,13.3,13.4,13.4
Tajikistan,TJK,Terrestrial and marine protected areas (% of total territorial area),ER.PTD.TOTL.ZS,,,,,,,,,,,,,,,,,,,,,,,,,,,,,,,,,,,,,,,,,,,,,,,,,,,,,,19.7,22.3,22.3,22.3,22.3,22.3,22.3,22.3,22.3,22.3,22.3,22.6
Turkmenistan,TKM,Terrestrial and marine protected areas (% of total territorial area),ER.PTD.TOTL.ZS,,,,,,,,,,,,,,,,,,,,,,,,,,,,,,,,,,,,,,,,,,,,,,,,,,,,,,3.2,3.2,3.2,3.2,3.2,3.2,3.2,3.2,3.2,3.2,3.2,4.3
Latin America & the Caribbean (IDA & IBRD countries),TLA,Terrestrial and marine protected areas (% of total territorial area),ER.PTD.TOTL.ZS,,,,,,,,,,,,,,,,,,,,,,,,,,,,,,,,,,,,,,,,,,,,,,,,,,,,,,13.33366882,14.25482699,13.95829037,16.26625612,16.46391737,20.70972183,22.39606737,22.62301658,22.81775784,23.57719326,23.64099422,24.19899155
Timor-Leste,TLS,Terrestrial and marine protected areas (% of total territorial area),ER.PTD.TOTL.ZS,,,,,,,,,,,,,,,,,,,,,,,,,,,,,,,,,,,,,,,,,,,,,,,,,,,,,,3.3,3.3,3.3,4.4,4.4,4.4,5.2,5.2,5.2,5.2,5.2,4.7
"Middle East, North Africa, Afghanistan & Pakistan (IDA & IBRD)",TMN,Terrestrial and marine protected areas (% of total territorial area),ER.PTD.TOTL.ZS,,,,,,,,,,,,,,,,,,,,,,,,,,,,,,,,,,,,,,,,,,,,,,,,,,,,,,4.797598483,8.199881592,5.833929587,6.059893385,6.049871097,6.054150783,6.063958386,4.794480624,4.725071203,4.725071203,4.725071203,5.195584203
Tonga,TON,Terrestrial and marine protected areas (% of total territorial area),ER.PTD.TOTL.ZS,,,,,,,,,,,,,,,,,,,,,,,,,,,,,,,,,,,,,,,,,,,,,,,,,,,,,,1.5,1.5,1.5,1.5,1.5,1.5,0.1,0.1,0.1,0.1,0.1,0.1
South Asia (IDA & IBRD),TSA,Terrestrial and marine protected areas (% of total territorial area),ER.PTD.TOTL.ZS,,,,,,,,,,,,,,,,,,,,,,,,,,,,,,,,,,,,,,,,,,,,,,,,,,,,,,3.797541893,3.674946783,3.738773518,3.742821508,3.755460932,3.755460932,3.755460932,3.764763168,4.426072087,4.426072087,4.456864898,4.53150244
Sub-Saharan Africa (IDA & IBRD countries),TSS,Terrestrial and marine protected areas (% of total territorial area),ER.PTD.TOTL.ZS,,,,,,,,,,,,,,,,,,,,,,,,,,,,,,,,,,,,,,,,,,,,,,,,,,,,,,11.92867804,11.47595665,11.61183427,12.09004741,12.4087278,12.18003009,12.47498979,13.34174191,13.3951731,13.4141556,13.66616417,13.80037161
Trinidad and Tobago,TTO,Terrestrial and marine protected areas (% of total territorial area),ER.PTD.TOTL.ZS,,,,,,,,,,,,,,,,,,,,,,,,,,,,,,,,,,,,,,,,,,,,,,,,,,,,,,2.1,2.1,2,2,2,2,2,2,2,2,2,2
Tunisia,TUN,Terrestrial and marine protected areas (% of total territorial area),ER.PTD.TOTL.ZS,,,,,,,,,,,,,,,,,,,,,,,,,,,,,,,,,,,,,,,,,,,,,,,,,,,,,,3.7,3.7,3.7,5.2,5.2,5.2,5.2,5.2,5.2,5.2,5.2,5.2
Turkiye,TUR,Terrestrial and marine protected areas (% of total territorial area),ER.PTD.TOTL.ZS,,,,,,,,,,,,,,,,,,,,,,,,,,,,,,,,,,,,,,,,,,,,,,,,,,,,,,2.2,0.2,0.2,0.2,0.2,0.2,0.2,0.2,5.7,5.7,5.7,5.7
Tuvalu,TUV,Terrestrial and marine protected areas (% of total territorial area),ER.PTD.TOTL.ZS,,,,,,,,,,,,,,,,,,,,,,,,,,,,,,,,,,,,,,,,,,,,,,,,,,,,,,0,0,0,0,0,0,0,0,0,0,0,0
Tanzania,TZA,Terrestrial and marine protected areas (% of total territorial area),ER.PTD.TOTL.ZS,,,,,,,,,,,,,,,,,,,,,,,,,,,,,,,,,,,,,,,,,,,,,,,,,,,,,,26,26,26,30.8,30.9,31,31,31,31,31.2,32.4,32.3
Uganda,UGA,Terrestrial and marine protected areas (% of total territorial area),ER.PTD.TOTL.ZS,,,,,,,,,,,,,,,,,,,,,,,,,,,,,,,,,,,,,,,,,,,,,,,,,,,,,,16.1,16.1,16.1,16.1,16.1,16.1,16.1,16.1,16.1,16.1,16.1,16.1
Ukraine,UKR,Terrestrial and marine protected areas (% of total territorial area),ER.PTD.TOTL.ZS,,,,,,,,,,,,,,,,,,,,,,,,,,,,,,,,,,,,,,,,,,,,,,,,,,,,,,3.9,3.9,3.9,3.9,3.9,3.9,3.9,4.2,12.3,12.3,12.3,17.7
Upper middle income,UMC,Terrestrial and marine protected areas (% of total territorial area),ER.PTD.TOTL.ZS,,,,,,,,,,,,,,,,,,,,,,,,,,,,,,,,,,,,,,,,,,,,,,,,,,,,,,10.09060776,10.35803905,10.16404479,11.04104655,11.22515047,12.3729222,12.6340214,12.96385482,13.18510516,13.37692707,13.41064099,13.79606638
Uruguay,URY,Terrestrial and marine protected areas (% of total territorial area),ER.PTD.TOTL.ZS,,,,,,,,,,,,,,,,,,,,,,,,,,,,,,,,,,,,,,,,,,,,,,,,,,,,,,1.7,1.7,1.7,2.3,2.3,2.3,2.4,2.4,2.4,2.4,2.4,2.4
United States,USA,Terrestrial and marine protected areas (% of total territorial area),ER.PTD.TOTL.ZS,,,,,,,,,,,,,,,,,,,,,,,,,,,,,,,,,,,,,,,,,,,,,,,,,,,,,,13.5,12,20.1,26.3,26.6,26.3,26.3,23.9,15.9,15.9,15.9,15.8
Uzbekistan,UZB,Terrestrial and marine protected areas (% of total territorial area),ER.PTD.TOTL.ZS,,,,,,,,,,,,,,,,,,,,,,,,,,,,,,,,,,,,,,,,,,,,,,,,,,,,,,3.4,3.4,3.4,3.4,3.4,3.4,3.4,5.8,5.8,5.8,9.5,9.5
St. Vincent and the Grenadines,VCT,Terrestrial and marine protected areas (% of total territorial area),ER.PTD.TOTL.ZS,,,,,,,,,,,,,,,,,,,,,,,,,,,,,,,,,,,,,,,,,,,,,,,,,,,,,,0.2,0.5,0.5,0.5,0.5,0.5,0.5,0.5,0.5,0.5,0.5,0.5
"Venezuela, RB",VEN,Terrestrial and marine protected areas (% of total territorial area),ER.PTD.TOTL.ZS,,,,,,,,,,,,,,,,,,,,,,,,,,,,,,,,,,,,,,,,,,,,,,,,,,,,,,36.9,36.9,36.9,36.9,36.9,36.9,36.9,39,39,39,39,39
British Virgin Islands,VGB,Terrestrial and marine protected areas (% of total territorial area),ER.PTD.TOTL.ZS,,,,,,,,,,,,,,,,,,,,,,,,,,,,,,,,,,,,,,,,,,,,,,,,,,,,,,0.1,0.1,0.1,0.1,0,0,0,0,0,0,0,0
Virgin Islands (U.S.),VIR,Terrestrial and marine protected areas (% of total territorial area),ER.PTD.TOTL.ZS,,,,,,,,,,,,,,,,,,,,,,,,,,,,,,,,,,,,,,,,,,,,,,,,,,,,,,0.6,1,1,1,1,1,1,0.6,1,1,1,0.9
Viet Nam,VNM,Terrestrial and marine protected areas (% of total territorial area),ER.PTD.TOTL.ZS,,,,,,,,,,,,,,,,,,,,,,,,,,,,,,,,,,,,,,,,,,,,,,,,,,,,,,2.6,2.6,2.9,2.9,2.9,2.9,2.9,2.9,2.9,2.9,2.9,2.9
Vanuatu,VUT,Terrestrial and marine protected areas (% of total territorial area),ER.PTD.TOTL.ZS,,,,,,,,,,,,,,,,,,,,,,,,,,,,,,,,,,,,,,,,,,,,,,,,,,,,,,0.1,0.1,0.1,0.1,0.1,0.1,0.1,0.1,0.1,0.1,0.1,0.1
World,WLD,Terrestrial and marine protected areas (% of total territorial area),ER.PTD.TOTL.ZS,,,,,,,,,,,,,,,,,,,,,,,,,,,,,,,,,,,,,,,,,,,,,,,,,,,,,,11.10389969,11.9200227,12.14936618,13.22999365,13.507983,14.12407841,14.53371728,14.83480097,14.70287894,14.85839927,14.9497849,15.29497815
Samoa,WSM,Terrestrial and marine protected areas (% of total territorial area),ER.PTD.TOTL.ZS,,,,,,,,,,,,,,,,,,,,,,,,,,,,,,,,,,,,,,,,,,,,,,,,,,,,,,0.2,0.2,0.2,0.2,0.2,0.2,0.2,0.3,0.3,0.3,0.3,0.3
Kosovo,XKX,Terrestrial and marine protected areas (% of total territorial area),ER.PTD.TOTL.ZS,,,,,,,,,,,,,,,,,,,,,,,,,,,,,,,,,,,,,,,,,,,,,,,,,,,,,,,,,,,,,,,,,
"Yemen, Rep.",YEM,Terrestrial and marine protected areas (% of total territorial area),ER.PTD.TOTL.ZS,,,,,,,,,,,,,,,,,,,,,,,,,,,,,,,,,,,,,,,,,,,,,,,,,,,,,,0.6,0.6,0.6,0.6,0.6,0.6,0.6,0.6,0.6,0.6,0.6,0.7
South Africa,ZAF,Terrestrial and marine protected areas (% of total territorial area),ER.PTD.TOTL.ZS,,,,,,,,,,,,,,,,,,,,,,,,,,,,,,,,,,,,,,,,,,,,,,,,,,,,,,9.8,10.6,11.7,13,13,10.3,11.8,12.4,12.5,12.7,12.7,12.8
Zambia,ZMB,Terrestrial and marine protected areas (% of total territorial area),ER.PTD.TOTL.ZS,,,,,,,,,,,,,,,,,,,,,,,,,,,,,,,,,,,,,,,,,,,,,,,,,,,,,,38,38,38,38,37.9,37.9,41.3,41.3,41.3,41.3,41.3,41.3
Zimbabwe,ZWE,Terrestrial and marine protected areas (% of total territorial area),ER.PTD.TOTL.ZS,,,,,,,,,,,,,,,,,,,,,,,,,,,,,,,,,,,,,,,,,,,,,,,,,,,,,,28.1,26.7,26.7,27.2,27.2,27.2,27.2,27.2,27.2,27.2,28.3,28.3
